,passengerid,passengername,email,contact,loyaltypoints,dataofbirth,city,address
0,0,Mekhala Reddy,edwinikbal@example.com,9913986679,699,1951-02-20,Nashik,"39/404
Sinha Path"
1,1,Yashica Dixit,tbrahmbhatt@example.net,+916235009529,2867,2003-04-16,Meerut,"H.No. 28, Gour Road"
2,2,Manbir Ghosh,yashoda14@example.com,+916802271976,3384,1958-12-08,Kanpur,"51, Sachdev"
3,3,Urvi Rajan,ajohal@example.com,2169563513,3468,2005-07-27,Navi Mumbai,"H.No. 30
Nigam Marg"
4,4,Urmi Om,vinayaoommen@example.com,4323023059,4763,2008-07-28,Dhanbad,"226, Shah Circle"
5,5,Dominic Gandhi,pandyaudyati@example.com,07360976446,4757,1951-05-08,Navi Mumbai,"50, Chana Circle"
6,6,Mekhala Rajan,sherevasana@example.com,03953702037,4733,2004-04-02,Aurangabad,"34/195, Dugar Chowk"
7,7,Neelima Deshpande,gpalla@example.com,2055944587,837,1951-05-21,Delhi,"H.No. 899
Naidu"
8,8,Charles Varty,maya91@example.org,+911359556513,479,1975-06-04,Tirupati,"H.No. 718, Tailor"
9,9,Veda Devi,meghana15@example.net,+914640128421,2053,1966-09-16,Nashik,"926
Morar Circle"
10,10,Luke Saraf,nidragole@example.net,+915844607538,1678,1964-01-31,Bengaluru,"370, Master Nagar"
11,11,Idika Parekh,yasticherian@example.net,5787449226,3372,2002-10-14,Faridabad,"87/652, Sangha Path"
12,12,Charvi Jain,rachitaraju@example.org,+917558387386,4828,2009-05-09,Ahmedabad,"08/61, Varty Ganj"
13,13,Nakul Varma,sanaya43@example.org,07043844627,4576,1952-10-11,Guntur,"H.No. 488
Gulati Zila"
14,14,Aditya Purohit,dominicacharya@example.net,0685860215,2021,1985-09-10,Ahmedabad,"H.No. 93, Bava Zila"
15,15,Yash Sengupta,wguha@example.com,02338190899,784,2001-09-05,Ahmedabad,"H.No. 051
Dixit Path"
16,16,Sudiksha Balay,jagdish36@example.net,+918281101887,2387,1979-12-06,Meerut,"H.No. 04
Chauhan Marg"
17,17,Nathaniel Kumer,bkothari@example.net,+919362201351,2353,1979-07-25,Lucknow,"H.No. 529, Dube Zila"
18,18,Lila Patil,anjali27@example.com,+918057268438,4314,1962-09-27,Gurugram,"62
Chaudry Nagar"
19,19,Urvi Shah,oprabhu@example.com,+914607501277,2221,1972-12-25,Meerut,"55, Dar Road"
20,20,Zarna Chhabra,varghesehemani@example.net,01191914274,2699,2007-03-24,Nashik,"77/669
Goel Marg"
21,21,Jeet Sharma,ytella@example.com,06725884773,4458,1998-06-02,Nagpur,"51/650, Bail Circle"
22,22,Christopher Panchal,madantanmayi@example.org,+915573815300,994,2007-04-30,Howrah,"36, Sami Chowk"
23,23,Vanya Biswas,baghyawatibrahmbhatt@example.org,+911797277338,2316,1963-04-06,Bhubaneswar,"36/30, Prabhu Marg"
24,24,Triveni Shah,gauranggoswami@example.com,00930891409,660,1998-04-08,Bengaluru,"771
Oza Ganj"
25,25,Alexander Jayaraman,subramaniamyasti@example.org,5512208212,3773,1959-05-14,Jaipur,"H.No. 27, Nair Road"
26,26,Sachi Rege,fdugar@example.com,+911973006042,3547,2010-03-27,Vijayawada,"97/015
Varkey Zila"
27,27,Gaurav Upadhyay,ebhardwaj@example.com,+915738592113,3646,1973-02-09,Chandigarh,"349
Chawla Chowk"
28,28,Areen Le,mugdha75@example.net,8256520074,4560,1998-02-20,Amritsar,"H.No. 510, Basak Circle"
29,29,Vedika Ramachandran,oscarchaudhari@example.net,+917701001969,2270,2008-07-05,Jamshedpur,"281
Sankaran Nagar"
30,30,Darsh Ghosh,basudamyanti@example.net,08404018441,1915,1978-01-29,Patna,"89, Raghavan"
31,31,Parth Bandi,bhattibimala@example.net,05854576260,4466,1958-12-30,Bengaluru,"71
Bobal"
32,32,Omaja Shankar,agill@example.org,+919389113445,2743,1959-04-12,Dhanbad,"93/019, Gera Ganj"
33,33,Xalak Agrawal,sarkarsara@example.net,6568046334,511,1970-01-03,Jaipur,"88, Dass"
34,34,Suhani Gera,zansi68@example.com,2352535259,2234,1983-11-25,Dhanbad,"636, Seshadri Chowk"
35,35,Diya Mammen,mahika45@example.org,06931762640,566,2011-02-19,Ludhiana,"18/60
Mutti Nagar"
36,36,David Pandit,vrishtiprakash@example.net,+916439934012,2077,1955-09-22,Kolkata,"37/760
Krishna Path"
37,37,Andrew D’Alia,fbhargava@example.net,02961054950,4737,2006-05-17,Thiruvananthapuram,"82/818
Nigam Marg"
38,38,Falak Dave,edar@example.com,9338127646,697,1970-04-17,Meerut,"11/788
Dash Path"
39,39,Ishwar Nigam,pallaviraman@example.org,+911644311975,2355,1960-01-23,Meerut,"54/36
Kurian Circle"
40,40,Zashil Purohit,wparmar@example.com,+918019751429,3918,1954-02-28,Ludhiana,"H.No. 76, Sunder Circle"
41,41,Keya Hari,sandalcaleb@example.net,01180232427,1199,1962-11-01,Rajkot,"47
Vasa Road"
42,42,Karan Mohan,chahallila@example.org,07295011700,2861,1993-09-13,Kolkata,"49/61, Dave Street"
43,43,Vansha Issac,daksheshvora@example.org,+913071726321,4192,1960-02-27,Thiruvananthapuram,"41
Dani Street"
44,44,Warjas Om,manbirbehl@example.net,7771038925,3656,1970-01-02,Tiruchirappalli,"57/359, Sachdeva Circle"
45,45,Yashvi Bali,shravya30@example.org,0035063815,1650,1970-03-21,Surat,"81/70
Kala"
46,46,Pranav Basak,lmukherjee@example.org,+919875560215,3389,2004-02-17,Nagpur,"02
Randhawa Path"
47,47,Hritik Shroff,unnati35@example.net,3353013038,1303,2002-11-11,Vijayawada,"198
Dayal Zila"
48,48,Hema Bajwa,narainanika@example.org,+916795500058,3619,2004-11-08,Cuttack,"H.No. 574
Yogi"
49,49,Naksh Solanki,yadavekta@example.org,8514368390,3948,1960-05-13,Kanpur,"92/270, Doctor Road"
50,50,Zayan Comar,yagneshtiwari@example.net,4534753954,2305,1970-07-16,Pune,"219
Singhal Nagar"
51,51,Zilmil Keer,hbadal@example.com,+912962874211,3692,1956-08-22,Vijayawada,"033, Tata Chowk"
52,52,Maanav Raman,jackson80@example.net,+917831011153,512,1953-02-22,Guntur,"H.No. 902, Prabhu"
53,53,Oeshi Kumar,gandhinandini@example.net,1188021379,3093,1998-07-20,Kozhikode,"H.No. 562, Tiwari Road"
54,54,Vedika Bath,zgopal@example.org,08789003295,4902,2011-01-18,Pune,"49/27, Pau Road"
55,55,Neha Varkey,gunbir76@example.org,5185136011,247,1975-02-24,Thiruvananthapuram,"30
Rajagopal Street"
56,56,Laban Prabhu,chakradharsama@example.org,08944134722,4506,2011-01-24,Ahmedabad,"40/525, Reddy Ganj"
57,57,Kiaan Bose,wkari@example.com,+912148636298,1296,1965-03-15,Tirupati,"674, Zachariah Path"
58,58,Oscar Tiwari,bariaazaan@example.org,8682787810,4643,1996-11-02,Delhi,"H.No. 656, Borde Road"
59,59,Mekhala Tandon,jayaramanjanya@example.net,5451211182,3264,1989-04-28,Ghaziabad,"75/68, Bhardwaj Path"
60,60,Samuel Butala,bhatjanuja@example.org,00852291518,4006,2005-02-08,Lucknow,"78/26, Dhawan Street"
61,61,Udant Panchal,yoshita17@example.com,05797263737,1930,1955-12-15,Thiruvananthapuram,"70, Badal Chowk"
62,62,Anusha Sridhar,rdutta@example.net,8918427910,2121,1979-12-27,Vadodara,"H.No. 530
Guha Zila"
63,63,Shravya Hayre,fbarad@example.com,0268526264,3742,1987-06-27,Tiruchirappalli,"267, Pillay"
64,64,Vamakshi Jaggi,garawilliam@example.org,7210904647,3683,1967-05-23,Hyderabad,"316
Kadakia Zila"
65,65,Bhanumati Sahni,chatura26@example.org,+913423656306,368,2002-03-12,Kozhikode,"88/439
Kapadia Road"
66,66,Lipika Yadav,hemasur@example.org,3918117068,373,1968-02-13,Ghaziabad,"162, Badami"
67,67,Maanas Lala,bordeamrita@example.com,+912423722859,550,1990-10-25,Bhubaneswar,"77/87, Kurian Road"
68,68,Warjas Chand,shravya54@example.net,03455541387,2531,1971-12-16,Tiruchirappalli,"055
Lad Chowk"
69,69,Shaurya Lad,tamanna96@example.com,9984677945,1554,2008-08-28,Surat,"H.No. 343
Kalla Zila"
70,70,Vaishnavi Nagi,bhasinsneha@example.net,06157005440,581,1976-04-05,Tiruchirappalli,"05/799
Khurana Circle"
71,71,Zilmil Kant,ekani06@example.net,09830881809,890,1970-04-29,Chennai,"17/19
Bhandari Circle"
72,72,Samarth Sandhu,maneishita@example.net,4609179716,152,1982-08-29,Cuttack,"580
Pandey Road"
73,73,Zashil Buch,madanishaan@example.com,6001216955,1823,1999-10-15,Howrah,"581, Brar Road"
74,74,Daksh Sarkar,npalla@example.org,06247495164,4551,1953-09-13,Chandigarh,"90/347, Borde Circle"
75,75,Rehaan Palan,radhakrishnanquincy@example.net,00149300933,4993,1983-12-20,Bengaluru,"16/96
Baral Ganj"
76,76,Jason Boase,ysinghal@example.org,7141254319,2971,1990-08-07,Visakhapatnam,"H.No. 47, Pant Ganj"
77,77,Neelima Biswas,sudikshagandhi@example.org,7459068213,4056,1995-09-11,Nashik,"73, Naidu Nagar"
78,78,Ikbal Ganesh,girish47@example.com,7559501344,2361,2007-02-08,Amritsar,"H.No. 970
D’Alia Marg"
79,79,Christopher Patel,pchaudhry@example.org,00018255079,3319,1987-12-07,Vadodara,"231
Lal Nagar"
80,80,Avni Manne,sabharwalnidhi@example.com,03896710716,4750,1981-02-14,Nagpur,"15/34
Issac Circle"
81,81,Orinder Nadig,mbalay@example.net,03437434235,390,2001-07-13,Lucknow,"36
Vasa Chowk"
82,82,Kamya Chhabra,malhotrajanaki@example.com,02191132925,699,1998-11-11,Faridabad,"H.No. 05
Rajagopal Zila"
83,83,Raagini Banik,farhan66@example.org,2447113024,1956,2005-09-14,Kanpur,"11/433
Oommen Marg"
84,84,Utkarsh Ratti,swadhwa@example.net,+913830490336,1212,1965-07-06,Thane,"458, Sarna Chowk"
85,85,Advik Brahmbhatt,bishakha11@example.org,6863495212,1519,1955-03-17,Delhi,"69/27, Bose Nagar"
86,86,Harinakshi Prabhu,teerth38@example.com,5162631943,142,2004-10-23,Delhi,"H.No. 174, Pandya Circle"
87,87,Yauvani Zachariah,ykota@example.com,8916553744,3916,1976-10-11,Nashik,"85/046
Nadig Street"
88,88,Xalak Bawa,farajrajan@example.com,+913004973197,4860,1951-10-29,Nashik,"31/75, Dalal Circle"
89,89,Vamakshi Agrawal,sathviknagy@example.org,8159355317,1541,2004-05-30,Gurugram,"12/84, Boase Road"
90,90,Utkarsh Lad,gabawakeeta@example.org,09757455507,2981,1995-01-04,Navi Mumbai,"H.No. 75
Ramesh Chowk"
91,91,Wakeeta Bhatt,okade@example.com,06458224773,1372,1963-01-05,Hyderabad,"H.No. 01, Bath Circle"
92,92,Anay Srinivasan,khuranachameli@example.org,00877056592,1018,1978-08-04,Cuttack,"H.No. 34
Balasubramanian Street"
93,93,Bina Ganesan,amol95@example.com,+916692578760,1335,2006-10-30,Indore,"952
Luthra Zila"
94,94,Maanav Bal,harrisonseth@example.org,+917914495302,1804,1998-05-06,Indore,"322, Doshi Street"
95,95,Eta Bumb,wkala@example.com,3352831714,34,2006-01-23,Bhubaneswar,"987, Gola Ganj"
96,96,Tanay Sani,hgour@example.com,+916152743631,4566,1984-12-24,Thane,"02/68
Narain Path"
97,97,Anay Saini,aadhya68@example.net,9996711280,3401,1975-08-17,Jaipur,"78, Goswami Nagar"
98,98,Bahadurjit Gola,triptivenkataraman@example.com,+911173477264,2115,1998-06-25,Noida,"86
Khare Path"
99,99,Caleb Bhatia,pavanipatla@example.com,08259209696,2702,1996-01-18,Meerut,"430
Tiwari Street"
100,100,Abeer Bail,ebumb@example.com,04221762076,4453,1996-04-29,Howrah,"H.No. 13, Butala"
101,101,Girish Konda,jagvi74@example.org,2600135915,2111,1989-03-06,Indore,"72, Tata"
102,102,Chameli Pandya,ikshita32@example.net,8145567014,1813,1955-02-09,Vijayawada,"H.No. 15
Kata Road"
103,103,Sudiksha Bora,nigambrinda@example.com,0013171308,4437,1956-09-13,Jaipur,"H.No. 80
Warrior Chowk"
