Name,Date of Birth,City,email-air india,email-indigo,email-vistara,points-air india,points-indigo,points-vistara,address,Phone no.,SerialIndex
Jalsa Trivedi,2005-07-18,Patna,natarajanavi@example.net,,,3728,0,0,"991, Mistry Zila",914495095214,1
Darsh Ghosh,1978-01-29,Patna,basudamyanti@example.net,,basudamyanti@example.net,1915,0,1915,"36/24, Keer Path",8404018441,2
Darsh Trivedi,2011-09-02,Patna,nikitagera@example.com,,,3598,0,0,"43/75
Khalsa Zila",910268560438,3
Gaurika Lal,2003-01-05,Patna,ishitasodhi@example.com,,,2601,0,0,"07/17, Hari Ganj",4092944063,4
Upadhriti Kothari,2001-04-11,Vadodara,niharikamagar@example.org,,,1196,0,0,"H.No. 599, Dash Nagar",8841089475,5
Manya Sarraf,1989-11-02,Vadodara,sachdevbhavani@example.net,,,3000,0,0,"42/54, Kanda Nagar",9020380352,6
Bahadurjit Krishna,1958-04-14,Vadodara,jalsa10@example.org,,,773,0,0,"886, Choudhry Circle",4428210688,7
Ranbir Sawhney,2010-04-13,Vadodara,vinayachana@example.org,,,277,0,0,"H.No. 233
Saxena Ganj",914690223688,8
Yug Aggarwal,1991-11-15,Vadodara,amaira62@example.net,,,1907,0,0,"38, Sarna",7366232471,9
Anamika Bakshi,1954-03-28,Vadodara,chaudrykritika@example.net,,,4876,0,0,"13, Majumdar",2498637628,10
Rehaan Palan,1983-12-20,Bengaluru,radhakrishnanquincy@example.net,,radhakrishnanquincy@example.net,4993,0,4993,"H.No. 76, Pingle Zila",149300933,11
Triveni Shah,1998-04-08,Bengaluru,gauranggoswami@example.com,,gauranggoswami@example.com,660,0,660,"56/94, Boase",930891409,12
Mekhala Tandon,1989-04-28,Ghaziabad,jayaramanjanya@example.net,,jayaramanjanya@example.net,3264,0,3264,"11/76, Munshi Road",5451211182,13
Pranav Basak,2004-02-17,Nagpur,lmukherjee@example.org,,lmukherjee@example.org,3389,0,3389,"095
Pradhan Road",919875560215,14
Ishwar Nigam,1960-01-23,Meerut,pallaviraman@example.org,,pallaviraman@example.org,2355,0,2355,"84/371
Goyal Road",911644311975,15
Caleb Bhatia,1996-01-18,Meerut,pavanipatla@example.com,,pavanipatla@example.com,2702,0,2702,"48/064
Loyal Nagar",8259209696,16
Yashica Dixit,2003-04-16,Meerut,tbrahmbhatt@example.net,,tbrahmbhatt@example.net,2867,0,2867,"923, Menon Zila",916235009529,17
Falak Dave,1970-04-17,Meerut,edar@example.com,,edar@example.com,697,0,697,"H.No. 06
Merchant Zila",9338127646,18
Ojasvi Mitra,1971-10-31,Tirupati,ahluwaliadivya@example.com,,,4150,0,0,"H.No. 93
Parekh Street",4551232904,19
Upadhriti Kamdar,1969-11-15,Tirupati,aroramax@example.com,,,1746,0,0,"78
Sagar Circle",5602737320,20
Siddharth Cheema,1951-08-16,Tirupati,anmolbehl@example.org,,,4599,0,0,"H.No. 881
Narayan",1262880350,21
Dominic G,1951-05-08,Navi Mumbai,rmukhopadhyay@example.net,,rmukhopadhyay@example.net,2895,0,2895,"64, Palan Ganj",9563574597,22
Caleb Parmer,1987-04-29,Navi Mumbai,wgola@example.org,,,4564,0,0,"H.No. 002, Bhagat Marg",4065359738,23
Ishaan Kunda,2004-07-23,Navi Mumbai,deymegha@example.org,,,3184,0,0,"708
Sachdev Marg",9434559219,24
Nitara Apte,1965-03-13,Navi Mumbai,hemang84@example.net,,,4953,0,0,"H.No. 26, Mand Road",3311102,25
Wishi Ratta,1981-08-28,Navi Mumbai,nagiparth@example.net,,,3831,0,0,"466, Sarkar Road",6276325088,26
Vansha Issac,1960-02-27,Thiruvananthapuram,daksheshvora@example.org,,daksheshvora@example.org,4192,0,4192,"103, Khare Road",913071726321,27
Andrew Dâ€™Alia,2006-05-17,Thiruvananthapuram,fbhargava@example.net,,fbhargava@example.net,4737,0,4737,"88/752, Setty Zila",2961054950,28
Manthan Tata,1973-06-03,Thiruvananthapuram,chanchalrattan@example.com,,,5,0,0,"H.No. 34, Borde Nagar",4995709916,29
Neelima Deshpande,1951-05-21,Delhi,gpalla@example.com,,gpalla@example.com,837,0,837,"22
Chaudhari Street",2055944587,30
Manbir Oommen,1952-09-23,Delhi,lallgirindra@example.com,,,4885,0,0,"22/77, Suri Nagar",912087845760,31
Anay Srinivasan,1978-08-04,Cuttack,khuranachameli@example.org,,khuranachameli@example.org,1018,0,1018,"084
Date Street",877056592,32
Samarth Sandhu,1982-08-29,Cuttack,maneishita@example.net,,maneishita@example.net,152,0,152,"37/49, Biswas Circle",4609179716,33
Hema Bajwa,2004-11-08,Cuttack,narainanika@example.org,,narainanika@example.org,3619,0,3619,"172
Roy",916795500058,34
Oviya Pandey,1983-07-19,Vijayawada,lekhachakrabarti@example.org,,,2263,0,0,"47
Rattan Street",7089900089,35
Dalaja Dua,2001-10-21,Vijayawada,shivanidua@example.net,,,13,0,0,"31/91, Pau Road",911884370156,36
Hritik Shroff,2002-11-11,Vijayawada,unnati35@example.net,,unnati35@example.net,1303,0,1303,"H.No. 48
Vora Marg",3353013038,37
Zilmil Keer,1956-08-22,Vijayawada,hbadal@example.com,,hbadal@example.com,3692,0,3692,"H.No. 55
Dugar Chowk",912962874211,38
Yash Sengupta,2001-09-05,Ahmedabad,wguha@example.com,,wguha@example.com,784,0,784,"15, Pau Marg",2338190899,39
Aditya Purohit,1985-09-10,Ahmedabad,dominicacharya@example.net,,dominicacharya@example.net,2021,0,2021,"25/349, Morar",685860215,40
Lila Bhatt,2002-08-19,Ahmedabad,gvarghese@example.org,,,280,0,0,"H.No. 05, Bakshi Path",3093222744,41
Laban Prabha,2011-01-24,Ahmedabad,chahaltanvi@example.net,,chahaltanvi@example.net,3512,0,3512,"90/30
Ramakrishnan Marg",647389238,42
Yashica Chaudhry,1969-09-06,Ahmedabad,lallkamya@example.com,,,1579,0,0,"H.No. 864, Mangat Ganj",5758014589,43
Nakul Sethi,1996-11-10,Chennai,jgoda@example.org,,,108,0,0,"20, Shanker Zila",2565577444,44
David Sachar,1967-09-10,Chennai,sakshamkarnik@example.com,,,4943,0,0,"H.No. 55, Rao Path",3448029173,45
Anay Upadhyay,1977-09-15,Chennai,akata@example.org,,,122,0,0,"H.No. 346
Dhillon",919619215853,46
Xalak Bawa,1951-10-29,Nashik,farajrajan@example.com,,farajrajan@example.com,4860,0,4860,"196
Dani Street",913004973197,47
Maya Chad,2006-12-26,Nashik,ratwal@example.org,,,4743,0,0,"328
Bhasin",913297431746,48
Mekhala Reddy,1951-02-20,Nashik,edwinikbal@example.com,,edwinikbal@example.com,699,0,699,"H.No. 617
Barad Circle",9913986679,49
Yauvani Zachariah,1976-10-11,Nashik,ykota@example.com,,ykota@example.com,3916,0,3916,"H.No. 44
Muni Marg",8916553744,50
Anmol Ratta,1952-06-05,Indore,vrishtigoda@example.com,,,3117,0,0,"02/99, Chand Ganj",2812406966,51
Maanav Bal,1998-05-06,Indore,harrisonseth@example.org,,harrisonseth@example.org,1804,0,1804,"387, Sethi Zila",917914495302,52
Naksh Goel,1967-01-12,Indore,zseshadri@example.net,,,1240,0,0,"H.No. 597
Roy Chowk",3690207553,53
Meghana Kata,2004-01-27,Chandigarh,khuranaaryan@example.net,,,3413,0,0,"H.No. 750, Parekh",915814167578,54
Daksh Sarkar,1953-09-13,Chandigarh,npalla@example.org,,npalla@example.org,4551,0,4551,"25/060
Chana Road",6247495164,55
Yutika Naidu,1995-08-10,Howrah,oaktamanna@example.net,,,75,0,0,"H.No. 088, Chauhan Circle",915978735662,56
Kamya Chhabra,1998-11-11,Faridabad,malhotrajanaki@example.com,,malhotrajanaki@example.com,699,0,699,"79, Kurian Nagar",2191132925,57
Nirja Varma,1996-09-11,Faridabad,ykrishna@example.net,,,2939,0,0,"18, Uppal",2512840117,58
Yagnesh Dugar,1979-09-05,Faridabad,hiraldutt@example.com,,,4750,0,0,"74, Subramaniam Road",5624090687,59
Upasna Kohli,2001-06-19,Amritsar,warhichandran@example.net,,,1494,0,0,"H.No. 12
Nagy Circle",3790411697,60
Hemangini Bajaj,1953-07-14,Amritsar,anikaradhakrishnan@example.net,,,500,0,0,"25/539, Panchal Path",8221780506,61
Ikbal Ganesh,2007-02-08,Amritsar,girish47@example.com,,girish47@example.com,2361,0,2361,"219
Kannan Chowk",7559501344,62
De Arin,1998-02-20,Amritsar,lekha23@example.net,,,904,0,0,"66/49, Gade Nagar",232876494,63
Wakeeta Bhatt,1963-01-05,Hyderabad,okade@example.com,,okade@example.com,1372,0,1372,"27/979, Lad Street",6458224773,64
Nilima Zachariah,1978-05-02,Hyderabad,epanchal@example.org,,,150,0,0,"H.No. 638
Radhakrishnan Circle",7089021788,65
Kalpit Krishna,1989-10-25,Hyderabad,eiravati93@example.com,,,3906,0,0,"38/449, Magar Ganj",7387548245,66
Eesha Arora,1998-07-04,Hyderabad,chanakya70@example.net,,,828,0,0,"60/763
Shukla Ganj",3056242525,67
Yashvi Bali,1970-03-21,Surat,shravya30@example.org,,shravya30@example.org,1650,0,1650,"758
Gala Ganj",35063815,68
Krishna Mall,1981-11-19,Surat,uvala@example.net,,,4751,0,0,"879
Pandey Street",6425922074,69
Shaurya Lad,2008-08-28,Surat,tamanna96@example.com,,tamanna96@example.com,1554,0,1554,"H.No. 98
Oza Nagar",9984677945,70
Tanish Natarajan,1955-05-27,Surat,amol01@example.com,,,4737,0,0,"H.No. 508
Upadhyay Zila",918470190197,71
Lopa Magar,1968-12-19,Surat,zrastogi@example.com,,,3175,0,0,"309
Mistry Ganj",916421611242,72
Gaurav Borde,1985-03-11,Coimbatore,radha65@example.org,,,3565,0,0,"89/754
Naik Ganj",9726070926,73
Alka Padmanabhan,1995-01-13,Coimbatore,advikaramachandran@example.net,,,514,0,0,"810
Tella Circle",919590876700,74
Vedant Butala,2011-06-05,Coimbatore,ekapadminhas@example.com,,,754,0,0,"H.No. 34
Issac Street",4814874290,75
Urmi Om,2008-07-28,Dhanbad,vinayaoommen@example.com,,vinayaoommen@example.com,4763,0,4763,"609
Shetty Circle",4323023059,76
Chaitaly Shetty,2004-03-15,Dhanbad,fariqpandya@example.net,,,4946,0,0,"H.No. 825
Gaba Path",911909857847,77
Suhani Gera,1983-11-25,Dhanbad,zansi68@example.com,,zansi68@example.com,2234,0,2234,"H.No. 514, Gupta Marg",2352535259,78
Yasti Sehgal,2007-07-30,Dhanbad,wsundaram@example.org,,,68,0,0,"510
Thaker Nagar",1609745416,79
Daniel Natarajan,1993-10-19,Dhanbad,averma@example.org,,,2634,0,0,"76/78, Memon Chowk",8771539606,80
Shravya Hayre,1987-06-27,Tiruchirappalli,fbarad@example.com,,fbarad@example.com,3742,0,3742,"H.No. 691, Raman Nagar",268526264,81
Manbir Ghosh,1958-12-08,Kanpur,yashoda14@example.com,,yashoda14@example.com,3384,0,3384,"H.No. 46, Kapadia Circle",916802271976,82
Urmi Mody,1954-12-19,Kanpur,okhanna@example.net,,,1657,0,0,"H.No. 41
Sachar Marg",4313866794,83
Naksh Solanki,1960-05-13,Kanpur,yadavekta@example.org,,yadavekta@example.org,3948,0,3948,"295, Tara Nagar",8514368390,84
Hema Sridhar,1978-04-28,Bhopal,bansalaayush@example.org,,,4976,0,0,"75/38
Chaudhuri Path",8956260190,85
Omkaar Bhat,1970-12-14,Kolkata,atharv25@example.org,,,3154,0,0,"H.No. 83
Kanda Road",1925275629,86
Manya Kala,1992-10-07,Kolkata,mallfariq@example.com,,,3085,0,0,"86, Shukla Nagar",5589166185,87
Anamika Chander,2002-09-19,Kolkata,qbabu@example.org,,,235,0,0,"11/78, Reddy Ganj",913008226216,88
Avi Issac,1963-02-04,Kolkata,vincent92@example.net,,,789,0,0,"226
Sem Ganj",1776935819,89
Mugdha Goyal,2000-01-03,Ranchi,wakeetakar@example.com,,,2992,0,0,"78, Sur Nagar",5427315698,90
Tripti Subramanian,1970-10-14,Ranchi,advaith37@example.org,,,3190,0,0,"00/71
Palla Path",2416139003,91
Chatura Soman,1974-12-23,Gurugram,gamble@example.com,,,4689,0,0,"86/45
Gopal Path",2304458643,92
Darsh Kant,2009-07-07,Gurugram,uaurora@example.net,,,3227,0,0,"85/646
Salvi Path",1516446555,93
Lila Patil,1962-09-27,Gurugram,anjali27@example.com,,anjali27@example.com,4314,0,4314,"595
Chana Marg",918057268438,94
Gauri Dada,1998-07-19,Agra,khatrigautam@example.net,,,2740,0,0,"87/07
Pai",916953639773,95
Michael Murthy,1961-12-27,Agra,glall@example.org,,,4498,0,0,"H.No. 147, Gulati",1056793788,96
Daksh Mahal,1963-06-08,Agra,pranav75@example.com,,,4879,0,0,"47/064
Balay Street",3569590761,97
Zayan Magar,1996-04-12,Jaipur,lvarghese@example.com,,,638,0,0,"H.No. 56
Pall Chowk",35254854,98
Nidhi Bath,1967-11-16,Jaipur,usen@example.org,,,2630,0,0,"84, Garde Chowk",7845356072,99
Xalak Agrawal,1970-01-03,Jaipur,sarkarsara@example.net,,sarkarsara@example.net,511,0,511,"H.No. 59, Prabhu Path",6568046334,100
Kiaan Oommen,1959-09-06,Ludhiana,ekanipandya@example.net,,,4701,0,0,"74
Chahal Street",7899745098,101
Anika Pal,1976-06-19,Mumbai,gchaudhari@example.org,,,2402,0,0,"26/980
Shroff Street",916827512676,102
Vrishti Mahajan,1966-12-09,Guwahati,bajajzansi@example.org,,,4469,0,0,"H.No. 23
Walia Road",8034109531,103
Chandani Behl,1991-01-25,Bhubaneswar,banjeet84@example.org,,,660,0,0,"H.No. 39, Dhawan Marg",6437355608,104
Jalsa Sharma,1974-08-09,Bhubaneswar,nchar@example.org,,,4844,0,0,"H.No. 07, Choudhary Path",918052223801,105
Eta Bumb,2006-01-23,Bhubaneswar,wkala@example.com,,wkala@example.com,34,0,34,"277, Pall Marg",3352831714,106
Vedika Ramachandran,2008-07-05,Jamshedpur,oscarchaudhari@example.net,,oscarchaudhari@example.net,2270,0,2270,"H.No. 562
Nanda",917701001969,107
Yashodhara Dalal,1961-10-05,Jamshedpur,vvarty@example.com,,,292,0,0,"30/17, Tak Nagar",5537540181,108
Lavanya Mody,1967-08-26,Visakhapatnam,rajeshrisrinivas@example.org,,,2382,0,0,"83/52, Ramesh Path",5729778523,109
Sneha Wason,1988-08-19,Visakhapatnam,jmohanty@example.org,,,3269,0,0,"40/887
Manda Circle",1225868531,110
Rajata Kata,2008-12-29,Aurangabad,parmervictor@example.org,,,2043,0,0,"85, Mittal Chowk",915796794258,111
Finn Jain,2006-02-06,Varanasi,hlad@example.org,,,2537,0,0,"250, Menon Street",912053782148,112
Eiravati Choudhury,1995-07-17,Madurai,raupranit@example.net,,,1455,0,0,"04/459
Keer Road",917034001431,113
Vedika Bath,2011-01-18,Pune,zgopal@example.org,,zgopal@example.org,4902,0,4902,"34/62, Khatri Road",8789003295,114
Samuel Butala,2005-02-08,Lucknow,bhatjanuja@example.org,,bhatjanuja@example.org,4006,0,4006,"686, Bhatt Nagar",852291518,115
Shravya Mody,1966-05-27,Kozhikode,banjeet14@example.com,,,2310,0,0,"707
Maharaj Chowk",918459491410,116
Veda Devi,1966-09-16,Nashik,,,meghana15@example.net,0,0,2053,"926
Morar Circle",914640128421,117
Zarna Chhabra,2007-03-24,Nashik,,,varghesehemani@example.net,0,0,2699,"77/669
Goel Marg",1191914274,118
Neelima Biswas,1995-09-11,Nashik,,,sudikshagandhi@example.org,0,0,4056,"73, Naidu Nagar",7459068213,119
Sudiksha Balay,1979-12-06,Meerut,,,jagdish36@example.net,0,0,2387,"H.No. 04
Chauhan Marg",918281101887,120
Urvi Shah,1972-12-25,Meerut,,,oprabhu@example.com,0,0,2221,"55, Dar Road",914607501277,121
Raagini Banik,2005-09-14,Kanpur,,,farhan66@example.org,0,0,1956,"11/433
Oommen Marg",2447113024,122
Urvi Rajan,2005-07-27,Navi Mumbai,,,ajohal@example.com,0,0,3468,"H.No. 30
Nigam Marg",2169563513,123
Utkarsh Lad,1995-01-04,Navi Mumbai,,,gabawakeeta@example.org,0,0,2981,"H.No. 75
Ramesh Chowk",9757455507,124
Omaja Shankar,1959-04-12,Dhanbad,,,agill@example.org,0,0,2743,"93/019, Gera Ganj",919389113445,125
Mekhala Rajan,2004-04-02,Aurangabad,,,sherevasana@example.com,0,0,4733,"34/195, Dugar Chowk",3953702037,126
Oscar Tiwari,1996-11-02,Delhi,,,bariaazaan@example.org,0,0,4643,"H.No. 656, Borde Road",8682787810,127
Advik Brahmbhatt,1955-03-17,Delhi,,,bishakha11@example.org,0,0,1519,"69/27, Bose Nagar",6863495212,128
Harinakshi Prabhu,2004-10-23,Delhi,,,teerth38@example.com,0,0,142,"H.No. 174, Pandya Circle",5162631943,129
Charles Varty,1975-06-04,Tirupati,,,maya91@example.org,0,0,479,"H.No. 718, Tailor",911359556513,130
Kiaan Bose,1965-03-15,Tirupati,,,wkari@example.com,0,0,1296,"674, Zachariah Path",912148636298,131
Luke Saraf,1964-01-31,Bengaluru,,,nidragole@example.net,0,0,1678,"370, Master Nagar",915844607538,132
Parth Bandi,1958-12-30,Bengaluru,,,bhattibimala@example.net,0,0,4466,"71
Bobal",5854576260,133
Idika Parekh,2002-10-14,Faridabad,,,yasticherian@example.net,0,0,3372,"87/652, Sangha Path",5787449226,134
Charvi Jain,2009-05-09,Ahmedabad,,,rachitaraju@example.org,0,0,4828,"08/61, Varty Ganj",917558387386,135
Nakul Varma,1952-10-11,Guntur,,,sanaya43@example.org,0,0,4576,"H.No. 488
Gulati Zila",7043844627,136
Maanav Raman,1953-02-22,Guntur,,,jackson80@example.net,0,0,512,"H.No. 902, Prabhu",917831011153,137
Nathaniel Kumer,1979-07-25,Lucknow,,,bkothari@example.net,0,0,2353,"H.No. 529, Dube Zila",919362201351,138
Orinder Nadig,2001-07-13,Lucknow,,,mbalay@example.net,0,0,390,"36
Vasa Chowk",3437434235,139
Vamakshi Agrawal,2004-05-30,Gurugram,,,sathviknagy@example.org,0,0,1541,"12/84, Boase Road",8159355317,140
Jeet Sharma,1998-06-02,Nagpur,,,ytella@example.com,0,0,4458,"51/650, Bail Circle",6725884773,141
Avni Manne,1981-02-14,Nagpur,,,sabharwalnidhi@example.com,0,0,4750,"15/34
Issac Circle",3896710716,142
Christopher Panchal,2007-04-30,Howrah,,,madantanmayi@example.org,0,0,994,"36, Sami Chowk",915573815300,143
Zashil Buch,1999-10-15,Howrah,,,madanishaan@example.com,0,0,1823,"581, Brar Road",6001216955,144
Abeer Bail,1996-04-29,Howrah,,,ebumb@example.com,0,0,4453,"H.No. 13, Butala",4221762076,145
Vanya Biswas,1963-04-06,Bhubaneswar,,,baghyawatibrahmbhatt@example.org,0,0,2316,"36/30, Prabhu Marg",911797277338,146
Maanas Lala,1990-10-25,Bhubaneswar,,,bordeamrita@example.com,0,0,550,"77/87, Kurian Road",912423722859,147
Alexander Jayaraman,1959-05-14,Jaipur,,,subramaniamyasti@example.org,0,0,3773,"H.No. 27, Nair Road",5512208212,148
Anay Saini,1975-08-17,Jaipur,,,aadhya68@example.net,0,0,3401,"78, Goswami Nagar",9996711280,149
Sudiksha Bora,1956-09-13,Jaipur,,,nigambrinda@example.com,0,0,4437,"H.No. 80
Warrior Chowk",13171308,150
Sachi Rege,2010-03-27,Vijayawada,,,fdugar@example.com,0,0,3547,"97/015
Varkey Zila",911973006042,151
Chameli Pandya,1955-02-09,Vijayawada,,,ikshita32@example.net,0,0,1813,"H.No. 15
Kata Road",8145567014,152
Gaurav Upadhyay,1973-02-09,Chandigarh,,,ebhardwaj@example.com,0,0,3646,"349
Chawla Chowk",915738592113,153
Areen Le,1998-02-20,Amritsar,,,mugdha75@example.net,0,0,4560,"H.No. 510, Basak Circle",8256520074,154
Diya Mammen,2011-02-19,Ludhiana,,,mahika45@example.org,0,0,566,"18/60
Mutti Nagar",6931762640,155
Zashil Purohit,1954-02-28,Ludhiana,,,wparmar@example.com,0,0,3918,"H.No. 76, Sunder Circle",918019751429,156
David Pandit,1955-09-22,Kolkata,,,vrishtiprakash@example.net,0,0,2077,"37/760
Krishna Path",916439934012,157
Karan Mohan,1993-09-13,Kolkata,,,chahallila@example.org,0,0,2861,"49/61, Dave Street",7295011700,158
Neha Varkey,1975-02-24,Thiruvananthapuram,,,gunbir76@example.org,0,0,247,"30
Rajagopal Street",5185136011,159
Udant Panchal,1955-12-15,Thiruvananthapuram,,,yoshita17@example.com,0,0,1930,"70, Badal Chowk",5797263737,160
Keya Hari,1962-11-01,Rajkot,,,sandalcaleb@example.net,0,0,1199,"47
Vasa Road",1180232427,161
Warjas Om,1970-01-02,Tiruchirappalli,,,manbirbehl@example.net,0,0,3656,"57/359, Sachdeva Circle",7771038925,162
Warjas Chand,1971-12-16,Tiruchirappalli,,,shravya54@example.net,0,0,2531,"055
Lad Chowk",3455541387,163
Vaishnavi Nagi,1976-04-05,Tiruchirappalli,,,bhasinsneha@example.net,0,0,581,"05/799
Khurana Circle",6157005440,164
Zayan Comar,1970-07-16,Pune,,,yagneshtiwari@example.net,0,0,2305,"219
Singhal Nagar",4534753954,165
Oeshi Kumar,1998-07-20,Kozhikode,,,gandhinandini@example.net,0,0,3093,"H.No. 562, Tiwari Road",1188021379,166
Bhanumati Sahni,2002-03-12,Kozhikode,,,chatura26@example.org,0,0,368,"88/439
Kapadia Road",913423656306,167
Lipika Yadav,1968-02-13,Ghaziabad,,,hemasur@example.org,0,0,373,"162, Badami",3918117068,168
Anusha Sridhar,1979-12-27,Vadodara,,,rdutta@example.net,0,0,2121,"H.No. 530
Guha Zila",8918427910,169
Christopher Patel,1987-12-07,Vadodara,,,pchaudhry@example.org,0,0,3319,"231
Lal Nagar",18255079,170
Vamakshi Jaggi,1967-05-23,Hyderabad,,,garawilliam@example.org,0,0,3683,"316
Kadakia Zila",7210904647,171
Zilmil Kant,1970-04-29,Chennai,,,ekani06@example.net,0,0,890,"17/19
Bhandari Circle",9830881809,172
Jason Boase,1990-08-07,Visakhapatnam,,,ysinghal@example.org,0,0,2971,"H.No. 47, Pant Ganj",7141254319,173
Utkarsh Ratti,1965-07-06,Thane,,,swadhwa@example.net,0,0,1212,"458, Sarna Chowk",913830490336,174
Tanay Sani,1984-12-24,Thane,,,hgour@example.com,0,0,4566,"02/68
Narain Path",916152743631,175
Bina Ganesan,2006-10-30,Indore,,,amol95@example.com,0,0,1335,"952
Luthra Zila",916692578760,176
Girish Konda,1989-03-06,Indore,,,jagvi74@example.org,0,0,2111,"72, Tata",2600135915,177
Bahadurjit Gola,1998-06-25,Noida,,,triptivenkataraman@example.com,0,0,2115,"86
Khare Path",911173477264,178
